"URL","Type","Name","Title","Description","H1","Canonical","Index after launch","Review status","Image source"
"https://www.mft.care/","home","Home","Marriage.Family.Therapy | Woodinville & Online in Washington","Therapy for individuals, couples, children, teens, and families in Woodinville, with online care available across Washington State.","Therapy that is kind, practical, and focused on what matters to you.","https://www.mft.care/","Yes","Owner approval required","https://images.squarespace-cdn.com/content/v1/65b78566ba645b4f0f011c30/0dac4deb-e22c-42de-9d48-eaf4df2628e5/Family%2Btherapy%2Bspace%2Bserving%2BSammamish%2Band%2BWoodinville%2Bclients..jpg?format=1500w"
"https://www.mft.care/services","hub","Services","Therapy Services in Woodinville & Washington | M.F.T.","Explore individual, couples, child, teen, family, premarital, and structured relationship therapy from Marriage.Family.Therapy.","Therapy services for individuals, relationships, and families.","https://www.mft.care/services","Yes","Clinical review required","https://images.squarespace-cdn.com/content/v1/65b78566ba645b4f0f011c30/1cbcf430-dfe2-4b69-9d9f-7ac53733849e/Individual%2BTherapy%2BLobby.png?format=1500w"
"https://www.mft.care/what-we-help-with","hub","What We Help With","What We Help With | Therapy in Woodinville & Washington","Explore concerns supported by Marriage.Family.Therapy, including anxiety, relationships, ADHD, grief, trauma, family stress, and life transitions.","Start with what is affecting daily life.","https://www.mft.care/what-we-help-with","Yes","Clinical review required","https://images.squarespace-cdn.com/content/v1/65b78566ba645b4f0f011c30/0dac4deb-e22c-42de-9d48-eaf4df2628e5/Family%2Btherapy%2Bspace%2Bserving%2BSammamish%2Band%2BWoodinville%2Bclients..jpg?format=1500w"
"https://www.mft.care/therapy-approaches","hub","Therapy Approaches","Therapy Approaches in Woodinville & Washington | M.F.T.","Learn about therapy approaches used by appropriate M.F.T. clinicians, including CBT, DBT skills, EFT, Gottman-informed work, and family systems.","Approaches tailored to the client and the work.","https://www.mft.care/therapy-approaches","Yes","Clinician review required","https://images.squarespace-cdn.com/content/v1/65b78566ba645b4f0f011c30/1cbcf430-dfe2-4b69-9d9f-7ac53733849e/Individual%2BTherapy%2BLobby.png?format=1500w"
"https://www.mft.care/resources","hub","Resources","Therapy Resources | Marriage.Family.Therapy","Practical guides for starting therapy, choosing a therapist, comparing online and in-person care, and understanding insurance verification.","Clear information for choosing and beginning care.","https://www.mft.care/resources","Yes","Editorial review required","https://images.squarespace-cdn.com/content/v1/65b78566ba645b4f0f011c30/0dac4deb-e22c-42de-9d48-eaf4df2628e5/Family%2Btherapy%2Bspace%2Bserving%2BSammamish%2Band%2BWoodinville%2Bclients..jpg?format=1500w"
"https://www.mft.care/team","team","Our Team","Therapists in Woodinville & Washington | M.F.T. Team","Meet the Marriage.Family.Therapy team serving Woodinville and eligible telehealth clients across Washington State.","Find a therapist whose experience and style fit your needs.","https://www.mft.care/team","Yes","Every team member must approve profile details","https://images.squarespace-cdn.com/content/v1/65b78566ba645b4f0f011c30/0dac4deb-e22c-42de-9d48-eaf4df2628e5/Family%2Btherapy%2Bspace%2Bserving%2BSammamish%2Band%2BWoodinville%2Bclients..jpg?format=1500w"
"https://www.mft.care/about","standard","About","About Marriage.Family.Therapy | Woodinville, WA","Learn about Marriage.Family.Therapy’s family-centered approach for children, teens, adults, couples, and families in Woodinville and Washington.","Compassionate, practical care for the relationships that shape your life.","https://www.mft.care/about","Yes","Owner and clinical review required","https://images.squarespace-cdn.com/content/v1/65b78566ba645b4f0f011c30/1cbcf430-dfe2-4b69-9d9f-7ac53733849e/Individual%2BTherapy%2BLobby.png?format=1500w"
"https://www.mft.care/therapy-contact-woodinville","contact","Contact","Contact Marriage.Family.Therapy | Woodinville, WA","Contact Marriage.Family.Therapy in Woodinville, Washington. Request an appointment securely, review the team, or call the office.","Begin your therapy journey with a clear next step.","https://www.mft.care/therapy-contact-woodinville","Yes","Confirm address, phone, email, hours, and directions","https://images.squarespace-cdn.com/content/v1/65b78566ba645b4f0f011c30/0dac4deb-e22c-42de-9d48-eaf4df2628e5/Family%2Btherapy%2Bspace%2Bserving%2BSammamish%2Band%2BWoodinville%2Bclients..jpg?format=1500w"
"https://www.mft.care/check-my-coverage","insurance","Insurance","Verify Insurance for Therapy | Marriage.Family.Therapy","Use Marriage.Family.Therapy’s secure insurance verification process before beginning therapy in Woodinville or online in Washington.","Check your benefits before care begins.","https://www.mft.care/check-my-coverage","Yes","Confirm every insurance and payment statement","https://images.squarespace-cdn.com/content/v1/65b78566ba645b4f0f011c30/1cbcf430-dfe2-4b69-9d9f-7ac53733849e/Individual%2BTherapy%2BLobby.png?format=1500w"
"https://www.mft.care/online-therapy-washington","online","Online Therapy in Washington","Online Therapy in Washington State | M.F.T.","Online therapy for eligible clients across Washington State, including individual, couples, child, teen, family, and premarital support.","Online therapy throughout Washington State.","https://www.mft.care/online-therapy-washington","Yes","Confirm statewide eligibility and service availability","https://images.squarespace-cdn.com/content/v1/65b78566ba645b4f0f011c30/1cbcf430-dfe2-4b69-9d9f-7ac53733849e/Individual%2BTherapy%2BLobby.png?format=1500w"
"https://www.mft.care/online-therapy-locations","directory","Washington Locations","Online Therapy Locations in Washington | M.F.T.","Browse M.F.T. online therapy information for Washington communities and counties. Woodinville is the practice’s only physical office.","Explore online therapy by Washington region.","https://www.mft.care/online-therapy-locations","Yes","Review every location page for usefulness and no-office clarity","https://images.squarespace-cdn.com/content/v1/65b78566ba645b4f0f011c30/0dac4deb-e22c-42de-9d48-eaf4df2628e5/Family%2Btherapy%2Bspace%2Bserving%2BSammamish%2Band%2BWoodinville%2Bclients..jpg?format=1500w"
"https://www.mft.care/new-page","service","Individual Therapy","Individual Therapy in Woodinville, WA | M.F.T.","Learn about individual therapy from Marriage.Family.Therapy in Woodinville, with online options for eligible clients across Washington.","Support for where you are and where you want to go.","https://www.mft.care/new-page","Yes","Clinical and operational review required","https://images.squarespace-cdn.com/content/v1/65b78566ba645b4f0f011c30/1cbcf430-dfe2-4b69-9d9f-7ac53733849e/Individual%2BTherapy%2BLobby.png?format=1500w"
"https://www.mft.care/marriage-and-couples-therapy-counseling","service","Marriage and Couples Therapy","Marriage and Couples Therapy in Woodinville, WA | M.F.T.","Learn about marriage and couples therapy from Marriage.Family.Therapy in Woodinville, with online options for eligible clients across Washington.","Reconnect, rebuild trust, and move forward together.","https://www.mft.care/marriage-and-couples-therapy-counseling","Yes","Clinical and operational review required","https://images.squarespace-cdn.com/content/v1/65b78566ba645b4f0f011c30/0dac4deb-e22c-42de-9d48-eaf4df2628e5/Family%2Btherapy%2Bspace%2Bserving%2BSammamish%2Band%2BWoodinville%2Bclients..jpg?format=1500w"
"https://www.mft.care/marriagereset","service","Marriage.Reset.","Marriage.Reset. in Woodinville, WA | M.F.T.","Learn about marriage.reset. from Marriage.Family.Therapy in Woodinville, with online options for eligible clients across Washington.","A clear path toward a stronger relationship.","https://www.mft.care/marriagereset","Yes","Clinical and operational review required","https://images.squarespace-cdn.com/content/v1/65b78566ba645b4f0f011c30/1cbcf430-dfe2-4b69-9d9f-7ac53733849e/Individual%2BTherapy%2BLobby.png?format=1500w"
"https://www.mft.care/teen-counseling","service","Teen Counseling","Teen Counseling in Woodinville, WA | M.F.T.","Learn about teen counseling from Marriage.Family.Therapy in Woodinville, with online options for eligible clients across Washington.","Support for teens. Tools for life.","https://www.mft.care/teen-counseling","Yes","Clinical and operational review required","https://images.squarespace-cdn.com/content/v1/65b78566ba645b4f0f011c30/0dac4deb-e22c-42de-9d48-eaf4df2628e5/Family%2Btherapy%2Bspace%2Bserving%2BSammamish%2Band%2BWoodinville%2Bclients..jpg?format=1500w"
"https://www.mft.care/childrentherapy","service","Child Therapy","Child Therapy in Woodinville, WA | M.F.T.","Learn about child therapy from Marriage.Family.Therapy in Woodinville, with online options for eligible clients across Washington.","Helping children thrive today and tomorrow.","https://www.mft.care/childrentherapy","Yes","Clinical and operational review required","https://images.squarespace-cdn.com/content/v1/65b78566ba645b4f0f011c30/0dac4deb-e22c-42de-9d48-eaf4df2628e5/Family%2Btherapy%2Bspace%2Bserving%2BSammamish%2Band%2BWoodinville%2Bclients..jpg?format=1500w"
"https://www.mft.care/family-therapy-group-counseling","service","Family Therapy","Family Therapy in Woodinville, WA | M.F.T.","Learn about family therapy from Marriage.Family.Therapy in Woodinville, with online options for eligible clients across Washington.","Stronger families. Healthier relationships.","https://www.mft.care/family-therapy-group-counseling","Yes","Clinical and operational review required","https://images.squarespace-cdn.com/content/v1/65b78566ba645b4f0f011c30/0dac4deb-e22c-42de-9d48-eaf4df2628e5/Family%2Btherapy%2Bspace%2Bserving%2BSammamish%2Band%2BWoodinville%2Bclients..jpg?format=1500w"
"https://www.mft.care/new-page-1","service","Premarital Counseling","Premarital Counseling in Woodinville, WA | M.F.T.","Learn about premarital counseling from Marriage.Family.Therapy in Woodinville, with online options for eligible clients across Washington.","Build a thoughtful foundation for marriage.","https://www.mft.care/new-page-1","Yes","Clinical and operational review required","https://images.squarespace-cdn.com/content/v1/65b78566ba645b4f0f011c30/1cbcf430-dfe2-4b69-9d9f-7ac53733849e/Individual%2BTherapy%2BLobby.png?format=1500w"
"https://www.mft.care/new-page-2","service","Couples Retreat","Couples Retreat in Woodinville, WA | M.F.T.","Learn about couples retreat from Marriage.Family.Therapy in Woodinville, with online options for eligible clients across Washington.","Retreat details are being reviewed.","https://www.mft.care/new-page-2","No","Hold until all retreat facts are verified","https://images.squarespace-cdn.com/content/v1/65b78566ba645b4f0f011c30/0dac4deb-e22c-42de-9d48-eaf4df2628e5/Family%2Btherapy%2Bspace%2Bserving%2BSammamish%2Band%2BWoodinville%2Bclients..jpg?format=1500w"
"https://www.mft.care/kody-evans-bio","clinician","Kody Evans, LMFT","Kody Evans, LMFT | Marriage.Family.Therapy","Meet Kody Evans, LMFT, serving clients through Marriage.Family.Therapy in Woodinville and online in Washington.","Kody Evans, LMFT","https://www.mft.care/kody-evans-bio","Yes","Clinician must confirm credentials, scope, specialties, availability, and photo","https://images.squarespace-cdn.com/content/v1/65b78566ba645b4f0f011c30/ed7383ec-060e-4649-93bb-7e71fcea4a21/Kody%2B026FINAL.jpg?format=1000w"
"https://www.mft.care/dr-nolan","clinician","Dr. Taylor Nolan","Dr. Taylor Nolan | Marriage.Family.Therapy","Meet Dr. Taylor Nolan, serving clients through Marriage.Family.Therapy in Woodinville and online in Washington.","Dr. Taylor Nolan","https://www.mft.care/dr-nolan","Yes","Clinician must confirm credentials, scope, specialties, availability, and photo","https://images.squarespace-cdn.com/content/v1/65b78566ba645b4f0f011c30/83275db3-920a-42f3-9c8e-618474a34b52/Screenshot%2B2026-05-19%2B131341.png?format=1000w"
"https://www.mft.care/emily-johnsrud-bio","clinician","Emily Johnsrud","Emily Johnsrud | Marriage.Family.Therapy","Meet Emily Johnsrud, serving clients through Marriage.Family.Therapy in Woodinville and online in Washington.","Emily Johnsrud","https://www.mft.care/emily-johnsrud-bio","Yes","Clinician must confirm credentials, scope, specialties, availability, and photo","https://images.squarespace-cdn.com/content/v1/65b78566ba645b4f0f011c30/832941fe-27a3-4b13-97d9-720a96c1bed2/share_11d04f47-8070-419a-8260-d34a52f6984e.jpg?format=1000w"
"https://www.mft.care/gary-ashley","clinician","Gary Ashley","Gary Ashley | Marriage.Family.Therapy","Meet Gary Ashley, serving clients through Marriage.Family.Therapy in Woodinville and online in Washington.","Gary Ashley","https://www.mft.care/gary-ashley","Yes","Clinician must confirm credentials, scope, specialties, availability, and photo","https://images.squarespace-cdn.com/content/v1/65b78566ba645b4f0f011c30/b81f7500-fa68-425b-b2a9-8b0029f1fc04/Gary%2BAshley%2BNew.png?format=1000w"
"https://www.mft.care/new-page-47","clinician","Sonia Hassan","Sonia Hassan | Marriage.Family.Therapy","Meet Sonia Hassan, serving clients through Marriage.Family.Therapy in Woodinville and online in Washington.","Sonia Hassan","https://www.mft.care/new-page-47","Yes","Clinician must confirm credentials, scope, specialties, availability, and photo","https://images.squarespace-cdn.com/content/v1/65b78566ba645b4f0f011c30/adfbbf96-f0ab-49ce-9f82-3c3a2906adc0/sonia.jpg?format=1000w"
"https://www.mft.care/online-therapy-spokane-wa","location","Online Therapy in Spokane","Online Therapy in Spokane, WA | M.F.T.","Secure online therapy for eligible clients in Spokane and elsewhere in Washington. Review clinicians, services, insurance support, and next steps.","Online Therapy in Spokane, Washington","https://www.mft.care/online-therapy-spokane-wa","Yes","Operational and clinical review required","https://images.squarespace-cdn.com/content/v1/65b78566ba645b4f0f011c30/1cbcf430-dfe2-4b69-9d9f-7ac53733849e/Individual%2BTherapy%2BLobby.png?format=1500w"
"https://www.mft.care/online-therapy-yakima-wa","location","Online Therapy in Yakima","Online Therapy in Yakima, WA | M.F.T.","Secure online therapy for eligible clients in Yakima and elsewhere in Washington. Review clinicians, services, insurance support, and next steps.","Online Therapy in Yakima, Washington","https://www.mft.care/online-therapy-yakima-wa","Yes","Operational and clinical review required","https://images.squarespace-cdn.com/content/v1/65b78566ba645b4f0f011c30/1cbcf430-dfe2-4b69-9d9f-7ac53733849e/Individual%2BTherapy%2BLobby.png?format=1500w"
"https://www.mft.care/online-therapy-tri-cities-wa","location","Online Therapy in Tri-Cities","Online Therapy in Tri-Cities, WA | M.F.T.","Secure online therapy for eligible clients in Tri-Cities and elsewhere in Washington. Review clinicians, services, insurance support, and next steps.","Online Therapy in Tri-Cities, Washington","https://www.mft.care/online-therapy-tri-cities-wa","Yes","Operational and clinical review required","https://images.squarespace-cdn.com/content/v1/65b78566ba645b4f0f011c30/1cbcf430-dfe2-4b69-9d9f-7ac53733849e/Individual%2BTherapy%2BLobby.png?format=1500w"
"https://www.mft.care/online-therapy-wenatchee-wa","location","Online Therapy in Wenatchee","Online Therapy in Wenatchee, WA | M.F.T.","Secure online therapy for eligible clients in Wenatchee and elsewhere in Washington. Review clinicians, services, insurance support, and next steps.","Online Therapy in Wenatchee, Washington","https://www.mft.care/online-therapy-wenatchee-wa","Yes","Operational and clinical review required","https://images.squarespace-cdn.com/content/v1/65b78566ba645b4f0f011c30/1cbcf430-dfe2-4b69-9d9f-7ac53733849e/Individual%2BTherapy%2BLobby.png?format=1500w"
"https://www.mft.care/online-therapy-vancouver-wa","location","Online Therapy in Vancouver","Online Therapy in Vancouver, WA | M.F.T.","Secure online therapy for eligible clients in Vancouver and elsewhere in Washington. Review clinicians, services, insurance support, and next steps.","Online Therapy in Vancouver, Washington","https://www.mft.care/online-therapy-vancouver-wa","Yes","Operational and clinical review required","https://images.squarespace-cdn.com/content/v1/65b78566ba645b4f0f011c30/1cbcf430-dfe2-4b69-9d9f-7ac53733849e/Individual%2BTherapy%2BLobby.png?format=1500w"
"https://www.mft.care/online-therapy-bothell-wa","location","Online Therapy in Bothell","Online Therapy in Bothell, WA | M.F.T.","Secure online therapy for eligible clients in Bothell and elsewhere in Washington. Review clinicians, services, insurance support, and next steps.","Online Therapy in Bothell, Washington","https://www.mft.care/online-therapy-bothell-wa","Yes","Owner and clinical review required; confirm unique local usefulness before launch","https://images.squarespace-cdn.com/content/v1/65b78566ba645b4f0f011c30/1cbcf430-dfe2-4b69-9d9f-7ac53733849e/Individual%2BTherapy%2BLobby.png?format=1500w"
"https://www.mft.care/online-therapy-kirkland-wa","location","Online Therapy in Kirkland","Online Therapy in Kirkland, WA | M.F.T.","Secure online therapy for eligible clients in Kirkland and elsewhere in Washington. Review clinicians, services, insurance support, and next steps.","Online Therapy in Kirkland, Washington","https://www.mft.care/online-therapy-kirkland-wa","Yes","Owner and clinical review required; confirm unique local usefulness before launch","https://images.squarespace-cdn.com/content/v1/65b78566ba645b4f0f011c30/1cbcf430-dfe2-4b69-9d9f-7ac53733849e/Individual%2BTherapy%2BLobby.png?format=1500w"
"https://www.mft.care/online-therapy-redmond-wa","location","Online Therapy in Redmond","Online Therapy in Redmond, WA | M.F.T.","Secure online therapy for eligible clients in Redmond and elsewhere in Washington. Review clinicians, services, insurance support, and next steps.","Online Therapy in Redmond, Washington","https://www.mft.care/online-therapy-redmond-wa","Yes","Owner and clinical review required; confirm unique local usefulness before launch","https://images.squarespace-cdn.com/content/v1/65b78566ba645b4f0f011c30/1cbcf430-dfe2-4b69-9d9f-7ac53733849e/Individual%2BTherapy%2BLobby.png?format=1500w"
"https://www.mft.care/online-therapy-bremerton-wa","location","Online Therapy in Bremerton","Online Therapy in Bremerton, WA | M.F.T.","Secure online therapy for eligible clients in Bremerton and elsewhere in Washington. Review clinicians, services, insurance support, and next steps.","Online Therapy in Bremerton, Washington","https://www.mft.care/online-therapy-bremerton-wa","Yes","Owner and clinical review required; confirm unique local usefulness before launch","https://images.squarespace-cdn.com/content/v1/65b78566ba645b4f0f011c30/1cbcf430-dfe2-4b69-9d9f-7ac53733849e/Individual%2BTherapy%2BLobby.png?format=1500w"
"https://www.mft.care/online-therapy-fircrest-wa","location","Online Therapy in Fircrest","Online Therapy in Fircrest, WA | M.F.T.","Secure online therapy for eligible clients in Fircrest and elsewhere in Washington. Review clinicians, services, insurance support, and next steps.","Online Therapy in Fircrest, Washington","https://www.mft.care/online-therapy-fircrest-wa","Yes","Owner and clinical review required; confirm unique local usefulness before launch","https://images.squarespace-cdn.com/content/v1/65b78566ba645b4f0f011c30/1cbcf430-dfe2-4b69-9d9f-7ac53733849e/Individual%2BTherapy%2BLobby.png?format=1500w"
"https://www.mft.care/online-therapy-king-county-wa","location","Online Therapy in King County","Online Therapy in King County, WA | M.F.T.","Secure online therapy for eligible clients in King County and elsewhere in Washington. Review clinicians, services, insurance support, and next steps.","Online Therapy in King County, Washington","https://www.mft.care/online-therapy-king-county-wa","Yes","Operational and clinical review required","https://images.squarespace-cdn.com/content/v1/65b78566ba645b4f0f011c30/1cbcf430-dfe2-4b69-9d9f-7ac53733849e/Individual%2BTherapy%2BLobby.png?format=1500w"
"https://www.mft.care/online-therapy-snohomish-county-wa","location","Online Therapy in Snohomish County","Online Therapy in Snohomish County, WA | M.F.T.","Secure online therapy for eligible clients in Snohomish County and elsewhere in Washington. Review clinicians, services, insurance support, and next steps.","Online Therapy in Snohomish County, Washington","https://www.mft.care/online-therapy-snohomish-county-wa","Yes","Operational and clinical review required","https://images.squarespace-cdn.com/content/v1/65b78566ba645b4f0f011c30/1cbcf430-dfe2-4b69-9d9f-7ac53733849e/Individual%2BTherapy%2BLobby.png?format=1500w"
"https://www.mft.care/new-page-4","location","Online Therapy in Oak Harbor","Online Therapy in Oak Harbor, WA | M.F.T.","Secure online therapy for eligible clients in Oak Harbor and elsewhere in Washington. Review clinicians, services, insurance support, and next steps.","Online Therapy in Oak Harbor, Washington","https://www.mft.care/new-page-4","No","HOLD: public legacy page contains unrelated locations and unresolved template placeholders","https://images.squarespace-cdn.com/content/v1/65b78566ba645b4f0f011c30/1cbcf430-dfe2-4b69-9d9f-7ac53733849e/Individual%2BTherapy%2BLobby.png?format=1500w"
"https://www.mft.care/anxiety-stress-therapy","concern","Anxiety and Stress","Anxiety and Stress | Therapy in WA | M.F.T.","Explore therapy support for anxiety and stress in Woodinville and online for eligible clients across Washington State.","Therapy for Anxiety and Stress","https://www.mft.care/anxiety-stress-therapy","Yes","Clinical review required before launch","https://images.squarespace-cdn.com/content/v1/65b78566ba645b4f0f011c30/1cbcf430-dfe2-4b69-9d9f-7ac53733849e/Individual%2BTherapy%2BLobby.png?format=1500w"
"https://www.mft.care/depression-therapy","concern","Depression and Mood","Depression and Mood | Therapy in WA | M.F.T.","Explore therapy support for depression and mood in Woodinville and online for eligible clients across Washington State.","Therapy for Depression and Mood","https://www.mft.care/depression-therapy","Yes","Clinical review required before launch","https://images.squarespace-cdn.com/content/v1/65b78566ba645b4f0f011c30/1cbcf430-dfe2-4b69-9d9f-7ac53733849e/Individual%2BTherapy%2BLobby.png?format=1500w"
"https://www.mft.care/adhd-neurodivergence-therapy","concern","ADHD and Neurodivergence","ADHD and Neurodivergence | Therapy in WA | M.F.T.","Explore therapy support for adhd and neurodivergence in Woodinville and online for eligible clients across Washington State.","Therapy for ADHD and Neurodivergence","https://www.mft.care/adhd-neurodivergence-therapy","Yes","Clinical review required before launch","https://images.squarespace-cdn.com/content/v1/65b78566ba645b4f0f011c30/1cbcf430-dfe2-4b69-9d9f-7ac53733849e/Individual%2BTherapy%2BLobby.png?format=1500w"
"https://www.mft.care/trauma-therapy","concern","Trauma Recovery","Trauma Recovery | Therapy in WA | M.F.T.","Explore therapy support for trauma recovery in Woodinville and online for eligible clients across Washington State.","Therapy for Trauma Recovery","https://www.mft.care/trauma-therapy","Yes","Clinical review required before launch","https://images.squarespace-cdn.com/content/v1/65b78566ba645b4f0f011c30/1cbcf430-dfe2-4b69-9d9f-7ac53733849e/Individual%2BTherapy%2BLobby.png?format=1500w"
"https://www.mft.care/grief-counseling","concern","Grief and Loss","Grief and Loss | Therapy in WA | M.F.T.","Explore therapy support for grief and loss in Woodinville and online for eligible clients across Washington State.","Therapy for Grief and Loss","https://www.mft.care/grief-counseling","Yes","Clinical review required before launch","https://images.squarespace-cdn.com/content/v1/65b78566ba645b4f0f011c30/1cbcf430-dfe2-4b69-9d9f-7ac53733849e/Individual%2BTherapy%2BLobby.png?format=1500w"
"https://www.mft.care/self-esteem-identity-therapy","concern","Self-Esteem and Identity","Self-Esteem and Identity | Therapy in WA | M.F.T.","Explore therapy support for self-esteem and identity in Woodinville and online for eligible clients across Washington State.","Therapy for Self-Esteem and Identity","https://www.mft.care/self-esteem-identity-therapy","Yes","Clinical review required before launch","https://images.squarespace-cdn.com/content/v1/65b78566ba645b4f0f011c30/1cbcf430-dfe2-4b69-9d9f-7ac53733849e/Individual%2BTherapy%2BLobby.png?format=1500w"
"https://www.mft.care/relationship-issues-therapy","concern","Relationship Concerns","Relationship Concerns | Therapy in WA | M.F.T.","Explore therapy support for relationship concerns in Woodinville and online for eligible clients across Washington State.","Therapy for Relationship Concerns","https://www.mft.care/relationship-issues-therapy","Yes","Clinical review required before launch","https://images.squarespace-cdn.com/content/v1/65b78566ba645b4f0f011c30/1cbcf430-dfe2-4b69-9d9f-7ac53733849e/Individual%2BTherapy%2BLobby.png?format=1500w"
"https://www.mft.care/parenting-family-stress-therapy","concern","Parenting and Family Stress","Parenting and Family Stress | Therapy in WA | M.F.T.","Explore therapy support for parenting and family stress in Woodinville and online for eligible clients across Washington State.","Therapy for Parenting and Family Stress","https://www.mft.care/parenting-family-stress-therapy","Yes","Clinical review required before launch","https://images.squarespace-cdn.com/content/v1/65b78566ba645b4f0f011c30/1cbcf430-dfe2-4b69-9d9f-7ac53733849e/Individual%2BTherapy%2BLobby.png?format=1500w"
"https://www.mft.care/life-transitions-therapy","concern","Life Transitions","Life Transitions | Therapy in WA | M.F.T.","Explore therapy support for life transitions in Woodinville and online for eligible clients across Washington State.","Therapy for Life Transitions","https://www.mft.care/life-transitions-therapy","Yes","Clinical review required before launch","https://images.squarespace-cdn.com/content/v1/65b78566ba645b4f0f011c30/1cbcf430-dfe2-4b69-9d9f-7ac53733849e/Individual%2BTherapy%2BLobby.png?format=1500w"
"https://www.mft.care/substance-use-recovery-therapy","concern","Substance Use and Recovery Support","Substance Use and Recovery Support | Therapy in WA | M.F.T.","Explore therapy support for substance use and recovery support in Woodinville and online for eligible clients across Washington State.","Therapy for Substance Use and Recovery Support","https://www.mft.care/substance-use-recovery-therapy","Yes","Clinical review required before launch","https://images.squarespace-cdn.com/content/v1/65b78566ba645b4f0f011c30/1cbcf430-dfe2-4b69-9d9f-7ac53733849e/Individual%2BTherapy%2BLobby.png?format=1500w"
"https://www.mft.care/cognitive-behavioral-therapy-cbt","approach","Cognitive Behavioral Therapy","CBT Therapy in Woodinville & WA | M.F.T.","Learn how Cognitive Behavioral Therapy may be used by appropriate Marriage.Family.Therapy clinicians in Woodinville and online across Washington.","Cognitive Behavioral Therapy","https://www.mft.care/cognitive-behavioral-therapy-cbt","Yes","Clinicians must confirm which team members use this approach and within what scope","https://images.squarespace-cdn.com/content/v1/65b78566ba645b4f0f011c30/0dac4deb-e22c-42de-9d48-eaf4df2628e5/Family%2Btherapy%2Bspace%2Bserving%2BSammamish%2Band%2BWoodinville%2Bclients..jpg?format=1500w"
"https://www.mft.care/dialectical-behavior-therapy-dbt","approach","Dialectical Behavior Therapy Skills","DBT skills Therapy in Woodinville & WA | M.F.T.","Learn how Dialectical Behavior Therapy Skills may be used by appropriate Marriage.Family.Therapy clinicians in Woodinville and online across Washington.","Dialectical Behavior Therapy Skills","https://www.mft.care/dialectical-behavior-therapy-dbt","Yes","Clinicians must confirm which team members use this approach and within what scope","https://images.squarespace-cdn.com/content/v1/65b78566ba645b4f0f011c30/0dac4deb-e22c-42de-9d48-eaf4df2628e5/Family%2Btherapy%2Bspace%2Bserving%2BSammamish%2Band%2BWoodinville%2Bclients..jpg?format=1500w"
"https://www.mft.care/emotionally-focused-therapy-eft","approach","Emotionally Focused Therapy","EFT Therapy in Woodinville & WA | M.F.T.","Learn how Emotionally Focused Therapy may be used by appropriate Marriage.Family.Therapy clinicians in Woodinville and online across Washington.","Emotionally Focused Therapy","https://www.mft.care/emotionally-focused-therapy-eft","Yes","Clinicians must confirm which team members use this approach and within what scope","https://images.squarespace-cdn.com/content/v1/65b78566ba645b4f0f011c30/0dac4deb-e22c-42de-9d48-eaf4df2628e5/Family%2Btherapy%2Bspace%2Bserving%2BSammamish%2Band%2BWoodinville%2Bclients..jpg?format=1500w"
"https://www.mft.care/gottman-method-couples-therapy","approach","Gottman Method Informed Therapy","Gottman-informed Therapy in Woodinville & WA | M.F.T.","Learn how Gottman Method Informed Therapy may be used by appropriate Marriage.Family.Therapy clinicians in Woodinville and online across Washington.","Gottman Method Informed Therapy","https://www.mft.care/gottman-method-couples-therapy","Yes","Clinicians must confirm which team members use this approach and within what scope","https://images.squarespace-cdn.com/content/v1/65b78566ba645b4f0f011c30/0dac4deb-e22c-42de-9d48-eaf4df2628e5/Family%2Btherapy%2Bspace%2Bserving%2BSammamish%2Band%2BWoodinville%2Bclients..jpg?format=1500w"
"https://www.mft.care/internal-family-systems-ifs","approach","Internal Family Systems Informed Therapy","IFS-informed Therapy in Woodinville & WA | M.F.T.","Learn how Internal Family Systems Informed Therapy may be used by appropriate Marriage.Family.Therapy clinicians in Woodinville and online across Washington.","Internal Family Systems Informed Therapy","https://www.mft.care/internal-family-systems-ifs","Yes","Clinicians must confirm which team members use this approach and within what scope","https://images.squarespace-cdn.com/content/v1/65b78566ba645b4f0f011c30/0dac4deb-e22c-42de-9d48-eaf4df2628e5/Family%2Btherapy%2Bspace%2Bserving%2BSammamish%2Band%2BWoodinville%2Bclients..jpg?format=1500w"
"https://www.mft.care/solution-focused-brief-therapy","approach","Solution Focused Brief Therapy","SFBT Therapy in Woodinville & WA | M.F.T.","Learn how Solution Focused Brief Therapy may be used by appropriate Marriage.Family.Therapy clinicians in Woodinville and online across Washington.","Solution Focused Brief Therapy","https://www.mft.care/solution-focused-brief-therapy","Yes","Clinicians must confirm which team members use this approach and within what scope","https://images.squarespace-cdn.com/content/v1/65b78566ba645b4f0f011c30/0dac4deb-e22c-42de-9d48-eaf4df2628e5/Family%2Btherapy%2Bspace%2Bserving%2BSammamish%2Band%2BWoodinville%2Bclients..jpg?format=1500w"
"https://www.mft.care/narrative-therapy","approach","Narrative Therapy","Narrative therapy Therapy in Woodinville & WA | M.F.T.","Learn how Narrative Therapy may be used by appropriate Marriage.Family.Therapy clinicians in Woodinville and online across Washington.","Narrative Therapy","https://www.mft.care/narrative-therapy","Yes","Clinicians must confirm which team members use this approach and within what scope","https://images.squarespace-cdn.com/content/v1/65b78566ba645b4f0f011c30/0dac4deb-e22c-42de-9d48-eaf4df2628e5/Family%2Btherapy%2Bspace%2Bserving%2BSammamish%2Band%2BWoodinville%2Bclients..jpg?format=1500w"
"https://www.mft.care/motivational-interviewing","approach","Motivational Interviewing","Motivational interviewing Therapy in Woodinville & WA | M.F.T.","Learn how Motivational Interviewing may be used by appropriate Marriage.Family.Therapy clinicians in Woodinville and online across Washington.","Motivational Interviewing","https://www.mft.care/motivational-interviewing","Yes","Clinicians must confirm which team members use this approach and within what scope","https://images.squarespace-cdn.com/content/v1/65b78566ba645b4f0f011c30/0dac4deb-e22c-42de-9d48-eaf4df2628e5/Family%2Btherapy%2Bspace%2Bserving%2BSammamish%2Band%2BWoodinville%2Bclients..jpg?format=1500w"
"https://www.mft.care/attachment-based-therapy","approach","Attachment Based Therapy","Attachment-based Therapy in Woodinville & WA | M.F.T.","Learn how Attachment Based Therapy may be used by appropriate Marriage.Family.Therapy clinicians in Woodinville and online across Washington.","Attachment Based Therapy","https://www.mft.care/attachment-based-therapy","Yes","Clinicians must confirm which team members use this approach and within what scope","https://images.squarespace-cdn.com/content/v1/65b78566ba645b4f0f011c30/0dac4deb-e22c-42de-9d48-eaf4df2628e5/Family%2Btherapy%2Bspace%2Bserving%2BSammamish%2Band%2BWoodinville%2Bclients..jpg?format=1500w"
"https://www.mft.care/family-systems-therapy","approach","Family Systems Therapy","Family systems Therapy in Woodinville & WA | M.F.T.","Learn how Family Systems Therapy may be used by appropriate Marriage.Family.Therapy clinicians in Woodinville and online across Washington.","Family Systems Therapy","https://www.mft.care/family-systems-therapy","Yes","Clinicians must confirm which team members use this approach and within what scope","https://images.squarespace-cdn.com/content/v1/65b78566ba645b4f0f011c30/0dac4deb-e22c-42de-9d48-eaf4df2628e5/Family%2Btherapy%2Bspace%2Bserving%2BSammamish%2Band%2BWoodinville%2Bclients..jpg?format=1500w"
"https://www.mft.care/mindfulness-based-therapy","approach","Mindfulness Based Therapy","Mindfulness-based Therapy in Woodinville & WA | M.F.T.","Learn how Mindfulness Based Therapy may be used by appropriate Marriage.Family.Therapy clinicians in Woodinville and online across Washington.","Mindfulness Based Therapy","https://www.mft.care/mindfulness-based-therapy","Yes","Clinicians must confirm which team members use this approach and within what scope","https://images.squarespace-cdn.com/content/v1/65b78566ba645b4f0f011c30/0dac4deb-e22c-42de-9d48-eaf4df2628e5/Family%2Btherapy%2Bspace%2Bserving%2BSammamish%2Band%2BWoodinville%2Bclients..jpg?format=1500w"
"https://www.mft.care/trauma-informed-therapy","approach","Trauma Informed Therapy","Trauma-informed Therapy in Woodinville & WA | M.F.T.","Learn how Trauma Informed Therapy may be used by appropriate Marriage.Family.Therapy clinicians in Woodinville and online across Washington.","Trauma Informed Therapy","https://www.mft.care/trauma-informed-therapy","Yes","Clinicians must confirm which team members use this approach and within what scope","https://images.squarespace-cdn.com/content/v1/65b78566ba645b4f0f011c30/0dac4deb-e22c-42de-9d48-eaf4df2628e5/Family%2Btherapy%2Bspace%2Bserving%2BSammamish%2Band%2BWoodinville%2Bclients..jpg?format=1500w"
"https://www.mft.care/how-to-start-therapy","resource","How to Start Therapy","How to Start Therapy | Marriage.Family.Therapy","A practical M.F.T. guide to how to start therapy for people considering therapy in Woodinville or online in Washington.","How to Start Therapy","https://www.mft.care/how-to-start-therapy","Yes","Editorial and clinical review required","https://images.squarespace-cdn.com/content/v1/65b78566ba645b4f0f011c30/0dac4deb-e22c-42de-9d48-eaf4df2628e5/Family%2Btherapy%2Bspace%2Bserving%2BSammamish%2Band%2BWoodinville%2Bclients..jpg?format=1500w"
"https://www.mft.care/how-to-choose-a-therapist","resource","How to Choose a Therapist","How to Choose a Therapist | Marriage.Family.Therapy","A practical M.F.T. guide to how to choose a therapist for people considering therapy in Woodinville or online in Washington.","How to Choose a Therapist","https://www.mft.care/how-to-choose-a-therapist","Yes","Editorial and clinical review required","https://images.squarespace-cdn.com/content/v1/65b78566ba645b4f0f011c30/0dac4deb-e22c-42de-9d48-eaf4df2628e5/Family%2Btherapy%2Bspace%2Bserving%2BSammamish%2Band%2BWoodinville%2Bclients..jpg?format=1500w"
"https://www.mft.care/online-vs-in-person-therapy","resource","Online or In Person Therapy","Online or In Person Therapy | Marriage.Family.Therapy","A practical M.F.T. guide to online or in person therapy for people considering therapy in Woodinville or online in Washington.","Online or In Person Therapy","https://www.mft.care/online-vs-in-person-therapy","Yes","Editorial and clinical review required","https://images.squarespace-cdn.com/content/v1/65b78566ba645b4f0f011c30/0dac4deb-e22c-42de-9d48-eaf4df2628e5/Family%2Btherapy%2Bspace%2Bserving%2BSammamish%2Band%2BWoodinville%2Bclients..jpg?format=1500w"
"https://www.mft.care/therapy-insurance-benefits","resource","Understanding Therapy Insurance Benefits","Understanding Therapy Insurance Benefits | Marriage.Family.Therapy","A practical M.F.T. guide to understanding therapy insurance benefits for people considering therapy in Woodinville or online in Washington.","Understanding Therapy Insurance Benefits","https://www.mft.care/therapy-insurance-benefits","Yes","Editorial and clinical review required","https://images.squarespace-cdn.com/content/v1/65b78566ba645b4f0f011c30/0dac4deb-e22c-42de-9d48-eaf4df2628e5/Family%2Btherapy%2Bspace%2Bserving%2BSammamish%2Band%2BWoodinville%2Bclients..jpg?format=1500w"
